epoch,epoch_loss,lie_loss,lmi_loss,eta_loss
0,26343583.10418481,300.0114633292813,-164.30078786814155,0.007960919884714824
