epoch,epoch_loss,lie_loss,lmi_loss,eta_loss
0,3124.4423882635087,1893.2103169522927,-202.39229827566584,0.0
